{
  "test_loss": 0.8097969183796331,
  "macro_f1": 0.3080746229921645,
  "macro_precision": 0.27806511515436605,
  "macro_recall": 0.3606039723492847,
  "per_label_f1": {
    "Atelectasis": 0.4644913137352183,
    "Cardiomegaly": 0.4109588537812034,
    "Effusion": 0.4602850823466026,
    "Infiltration": 0.5463227770408792,
    "Mass": 0.3512747378279327,
    "Nodule": 0.30917869708978746,
    "Pneumonia": 0.06818177060953709,
    "Pneumothorax": 0.30769225861276256,
    "Consolidation": 0.23529406847186368,
    "Edema": 0.15999996680692039,
    "Emphysema": 0.5179855607680811,
    "Fibrosis": 0.2698412212270179,
    "Pleural_Thickening": 0.21153841357249598,
    "Hernia": 0.0
  },
  "config": {
    "subset_size": 25000,
    "image_size": 224,
    "batch_size": 32,
    "num_workers": 4,
    "train_ratio": 0.7,
    "val_ratio": 0.1,
    "cal_ratio": 0.1,
    "test_ratio": 0.1,
    "model_name": "resnet50",
    "pretrained": true,
    "dropout": 0.5,
    "phase1_epochs": 30,
    "phase1_lr": 0.001,
    "phase2_epochs": 10,
    "phase2_lr": 0.0001,
    "weight_decay": 1e-05,
    "early_stopping_patience": 5,
    "gradient_clip_norm": 1.0,
    "alpha": 0.1,
    "cwcs_lambda": 1.0,
    "cwcs_min_cooccurrence": 0.1,
    "device": "mps",
    "seed": 2024,
    "target_coverage": 0.9,
    "acceptable_f1": 0.4
  },
  "timestamp": "2025-11-22T17:54:26.862091"
}