{
  "test_loss": 0.7673254851251841,
  "macro_f1": 0.31271422014948874,
  "macro_precision": 0.28352353595563545,
  "macro_recall": 0.37706372236072677,
  "per_label_f1": {
    "Atelectasis": 0.4963234801544977,
    "Cardiomegaly": 0.4580152182973072,
    "Effusion": 0.6215721618587714,
    "Infiltration": 0.5410871812581856,
    "Mass": 0.38202242170882567,
    "Nodule": 0.2508250350880722,
    "Pneumonia": 0.10958899103023464,
    "Pneumothorax": 0.4235293612733623,
    "Consolidation": 0.27972023023131587,
    "Edema": 0.17486335424766983,
    "Emphysema": 0.1333332827654508,
    "Fibrosis": 0.14117642873357616,
    "Pleural_Thickening": 0.11594197919556838,
    "Hernia": 0.2499999562500052
  },
  "config": {
    "subset_size": 10000,
    "image_size": 224,
    "batch_size": 32,
    "num_workers": 4,
    "train_ratio": 0.7,
    "val_ratio": 0.1,
    "cal_ratio": 0.1,
    "test_ratio": 0.1,
    "model_name": "resnet50",
    "pretrained": true,
    "dropout": 0.5,
    "phase1_epochs": 30,
    "phase1_lr": 0.001,
    "phase2_epochs": 10,
    "phase2_lr": 0.0001,
    "weight_decay": 1e-05,
    "early_stopping_patience": 5,
    "gradient_clip_norm": 1.0,
    "alpha": 0.1,
    "cwcs_lambda": 1.0,
    "cwcs_min_cooccurrence": 0.1,
    "device": "mps",
    "seed": 2024,
    "target_coverage": 0.9,
    "acceptable_f1": 0.4
  },
  "timestamp": "2025-11-23T14:09:15.174343"
}