{
  "method": "standard_conformal",
  "description": "Standard split conformal prediction treating each label independently",
  "n_calibration": 1052,
  "n_test": 1213,
  "n_labels": 14,
  "label_names": [
    "Atelectasis",
    "Cardiomegaly",
    "Effusion",
    "Infiltration",
    "Mass",
    "Nodule",
    "Pneumonia",
    "Pneumothorax",
    "Consolidation",
    "Edema",
    "Emphysema",
    "Fibrosis",
    "Pleural_Thickening",
    "Hernia"
  ],
  "results_by_alpha": {
    "0.05": {
      "alpha": 0.05,
      "target_coverage": 0.95,
      "marginal_coverage": 0.7489429175475687,
      "exact_set_coverage": 0.6578730420445177,
      "per_label_coverage": [
        0.8597285067873304,
        0.5441176470588235,
        0.8275862068965517,
        0.9269662921348315,
        0.6666666666666666,
        0.7532467532467533,
        0.11764705882352941,
        0.5959595959595959,
        0.6834532374100719,
        0.6595744680851063,
        0.5217391304347826,
        0.45098039215686275,
        0.4024390243902439,
        0.0
      ],
      "avg_set_size": 4.502061005770816,
      "median_set_size": 4.0,
      "std_set_size": 1.4145763518243264,
      "min_set_size": 1,
      "max_set_size": 10,
      "empty_set_rate": 0.0
    },
    "0.1": {
      "alpha": 0.1,
      "target_coverage": 0.9,
      "marginal_coverage": 0.6284355179704016,
      "exact_set_coverage": 0.5391591096455071,
      "per_label_coverage": [
        0.7873303167420814,
        0.36764705882352944,
        0.6637931034482759,
        0.8632958801498127,
        0.48427672955974843,
        0.6428571428571429,
        0.029411764705882353,
        0.41414141414141414,
        0.4460431654676259,
        0.425531914893617,
        0.4492753623188406,
        0.3137254901960784,
        0.34146341463414637,
        0.0
      ],
      "avg_set_size": 3.073371805441055,
      "median_set_size": 3.0,
      "std_set_size": 1.1486649153025204,
      "min_set_size": 0,
      "max_set_size": 7,
      "empty_set_rate": 0.00247320692497939
    },
    "0.15": {
      "alpha": 0.15,
      "target_coverage": 0.85,
      "marginal_coverage": 0.547568710359408,
      "exact_set_coverage": 0.45507007419620776,
      "per_label_coverage": [
        0.7058823529411765,
        0.25,
        0.6120689655172413,
        0.8014981273408239,
        0.3836477987421384,
        0.5454545454545454,
        0.0,
        0.29292929292929293,
        0.3381294964028777,
        0.2553191489361702,
        0.42028985507246375,
        0.29411764705882354,
        0.1951219512195122,
        0.0
      ],
      "avg_set_size": 2.3553173948887056,
      "median_set_size": 2.0,
      "std_set_size": 1.0183227415402953,
      "min_set_size": 0,
      "max_set_size": 6,
      "empty_set_rate": 0.00741962077493817
    },
    "0.2": {
      "alpha": 0.2,
      "target_coverage": 0.8,
      "marginal_coverage": 0.47832980972515854,
      "exact_set_coverage": 0.39406430338004944,
      "per_label_coverage": [
        0.6380090497737556,
        0.22058823529411764,
        0.5129310344827587,
        0.7490636704119851,
        0.33962264150943394,
        0.4155844155844156,
        0.0,
        0.23232323232323232,
        0.23741007194244604,
        0.1702127659574468,
        0.37681159420289856,
        0.19607843137254902,
        0.14634146341463414,
        0.0
      ],
      "avg_set_size": 1.866446826051113,
      "median_set_size": 2.0,
      "std_set_size": 0.9216478601329349,
      "min_set_size": 0,
      "max_set_size": 5,
      "empty_set_rate": 0.03297609233305853
    }
  }
}