{
    "method": "CDioC / APS",
    "alpha": 0.1,
    "mean_label_coverage": 0.9299565971830946,
    "instance_coverage": 0.938,
    "avg_set_size": 11.804,
    "label_coverage": [
        0.9659574468085106,
        0.8867924528301887,
        0.985663082437276,
        0.96875,
        0.920863309352518,
        0.9568965517241379,
        0.7941176470588235,
        0.9642857142857143,
        0.9523809523809523,
        0.8717948717948718,
        0.8636363636363636,
        0.92,
        0.9682539682539683,
        1.0
    ],
    "q_hat": 3.206856105595789
}