{
    "method": "CDioC / APS",
    "alpha": 0.1,
    "mean_label_coverage": 0.9015880881352497,
    "instance_coverage": 0.8911788953009069,
    "avg_set_size": 11.049464138499587,
    "label_coverage": [
        0.9321266968325792,
        0.8529411764705882,
        0.9310344827586207,
        0.9662921348314607,
        0.9056603773584906,
        0.9155844155844156,
        0.9117647058823529,
        0.8686868686868687,
        0.920863309352518,
        0.8085106382978723,
        0.782608695652174,
        0.8627450980392157,
        0.9634146341463414,
        1.0
    ],
    "q_hat": 3.0027620134675654
}