{
    "method": "CWCS (Ours)",
    "alpha": 0.1,
    "lambda": 1.0,
    "mean_label_coverage": 0.9046107415745134,
    "avg_set_size": 10.225061830173125,
    "label_coverage": [
        0.8823529411764706,
        0.9852941176470589,
        0.8836206896551724,
        0.9157303370786517,
        0.89937106918239,
        0.8896103896103896,
        0.9705882352941176,
        0.8686868686868687,
        0.9496402877697842,
        0.9574468085106383,
        0.927536231884058,
        0.9411764705882353,
        0.926829268292683,
        0.6666666666666666
    ],
    "set_sizes": [
        12,
        13,
        12,
        11,
        8,
        14,
        11,
        13,
        14,
        10,
        7,
        10,
        11,
        10,
        8,
        12,
        11,
        7,
        11,
        12,
        11,
        11,
        12,
        12,
        12,
        12,
        13,
        11,
        12,
        11,
        11,
        11,
        12,
        9,
        9,
        14,
        11,
        12,
        12,
        9,
        12,
        11,
        8,
        10,
        9,
        6,
        11,
        11,
        6,
        7,
        9,
        10,
        13,
        13,
        9,
        10,
        9,
        9,
        6,
        7,
        7,
        12,
        14,
        12,
        11,
        11,
        14,
        13,
        14,
        8,
        11,
        11,
        12,
        13,
        12,
        12,
        12,
        11,
        11,
        12,
        11,
        8,
        11,
        9,
        11,
        9,
        9,
        11,
        7,
        9,
        7,
        11,
        8,
        8,
        13,
        13,
        13,
        9,
        9,
        13,
        13,
        10,
        9,
        8,
        13,
        14,
        13,
        11,
        11,
        12,
        8,
        11,
        13,
        14,
        9,
        12,
        12,
        6,
        8,
        8,
        8,
        9,
        9,
        7,
        7,
        6,
        7,
        5,
        10,
        8,
        13,
        14,
        12,
        14,
        14,
        11,
        13,
        10,
        13,
        13,
        11,
        6,
        9,
        10,
        9,
        12,
        13,
        9,
        6,
        12,
        12,
        11,
        11,
        12,
        10,
        7,
        10,
        13,
        9,
        13,
        13,
        11,
        13,
        13,
        12,
        9,
        9,
        5,
        8,
        12,
        9,
        11,
        12,
        12,
        13,
        9,
        13,
        9,
        10,
        11,
        11,
        9,
        8,
        12,
        3,
        7,
        8,
        4,
        10,
        3,
        11,
        9,
        9,
        10,
        11,
        13,
        5,
        6,
        2,
        13,
        7,
        11,
        8,
        12,
        6,
        7,
        7,
        7,
        9,
        12,
        3,
        12,
        4,
        9,
        13,
        3,
        14,
        13,
        13,
        9,
        9,
        10,
        11,
        10,
        9,
        3,
        3,
        5,
        4,
        10,
        3,
        4,
        7,
        3,
        6,
        2,
        5,
        10,
        4,
        5,
        7,
        4,
        10,
        10,
        10,
        3,
        4,
        11,
        4,
        5,
        8,
        7,
        7,
        12,
        9,
        8,
        10,
        8,
        9,
        11,
        8,
        13,
        14,
        11,
        8,
        10,
        10,
        6,
        9,
        13,
        14,
        13,
        14,
        12,
        11,
        4,
        9,
        13,
        10,
        6,
        6,
        9,
        13,
        8,
        5,
        6,
        7,
        7,
        5,
        6,
        6,
        6,
        6,
        7,
        9,
        7,
        7,
        11,
        6,
        8,
        7,
        7,
        8,
        5,
        10,
        13,
        14,
        10,
        11,
        7,
        13,
        12,
        8,
        11,
        12,
        8,
        11,
        12,
        13,
        13,
        12,
        13,
        13,
        10,
        10,
        12,
        11,
        11,
        12,
        7,
        14,
        12,
        8,
        13,
        12,
        12,
        14,
        14,
        10,
        11,
        10,
        14,
        9,
        12,
        11,
        11,
        13,
        10,
        11,
        11,
        12,
        11,
        11,
        5,
        6,
        7,
        7,
        10,
        9,
        14,
        12,
        6,
        12,
        10,
        10,
        13,
        9,
        6,
        12,
        13,
        13,
        14,
        11,
        11,
        11,
        11,
        12,
        6,
        10,
        14,
        14,
        9,
        9,
        10,
        12,
        10,
        11,
        14,
        12,
        14,
        13,
        9,
        13,
        11,
        9,
        11,
        11,
        10,
        13,
        12,
        13,
        11,
        9,
        11,
        14,
        6,
        9,
        9,
        8,
        11,
        13,
        12,
        9,
        8,
        10,
        14,
        14,
        14,
        12,
        10,
        7,
        11,
        13,
        12,
        13,
        13,
        12,
        12,
        13,
        10,
        13,
        12,
        13,
        14,
        7,
        6,
        8,
        10,
        9,
        11,
        6,
        11,
        10,
        9,
        6,
        10,
        10,
        8,
        11,
        11,
        8,
        11,
        12,
        13,
        8,
        13,
        7,
        8,
        13,
        7,
        11,
        13,
        10,
        13,
        8,
        9,
        9,
        9,
        8,
        8,
        8,
        10,
        11,
        14,
        14,
        12,
        12,
        12,
        7,
        11,
        11,
        13,
        8,
        10,
        5,
        10,
        7,
        8,
        9,
        14,
        13,
        14,
        8,
        13,
        14,
        10,
        12,
        13,
        13,
        12,
        12,
        11,
        13,
        11,
        10,
        14,
        13,
        10,
        11,
        12,
        13,
        12,
        5,
        9,
        10,
        13,
        8,
        9,
        9,
        7,
        9,
        11,
        7,
        6,
        9,
        8,
        13,
        7,
        13,
        13,
        10,
        9,
        9,
        11,
        9,
        11,
        10,
        9,
        10,
        9,
        9,
        10,
        9,
        8,
        10,
        13,
        9,
        11,
        10,
        10,
        8,
        13,
        9,
        11,
        10,
        8,
        13,
        10,
        9,
        12,
        11,
        7,
        10,
        10,
        14,
        11,
        11,
        7,
        11,
        10,
        9,
        10,
        8,
        11,
        9,
        14,
        9,
        14,
        7,
        8,
        9,
        11,
        14,
        14,
        13,
        8,
        8,
        12,
        12,
        13,
        13,
        12,
        8,
        10,
        11,
        12,
        8,
        10,
        11,
        11,
        10,
        12,
        6,
        10,
        8,
        8,
        11,
        13,
        8,
        9,
        5,
        11,
        9,
        10,
        12,
        11,
        6,
        14,
        7,
        7,
        9,
        7,
        7,
        9,
        8,
        8,
        9,
        8,
        8,
        9,
        8,
        10,
        7,
        8,
        10,
        9,
        7,
        12,
