{
    "method": "CWCS (Ours)",
    "alpha": 0.1,
    "lambda": 1.0,
    "mean_label_coverage": 0.9094936293285629,
    "avg_set_size": 9.984,
    "label_coverage": [
        0.9191489361702128,
        0.8490566037735849,
        0.8924731182795699,
        0.8958333333333334,
        0.9856115107913669,
        0.9396551724137931,
        0.9705882352941176,
        0.9047619047619048,
        0.8968253968253969,
        0.7692307692307693,
        0.9090909090909091,
        0.88,
        0.9206349206349206,
        1.0
    ],
    "set_sizes": [
        7,
        13,
        14,
        10,
        12,
        13,
        11,
        5,
        3,
        6,
        8,
        7,
        6,
        6,
        5,
        4,
        6,
        9,
        4,
        5,
        2,
        5,
        5,
        7,
        3,
        5,
        5,
        4,
        8,
        4,
        4,
        11,
        11,
        9,
        9,
        10,
        9,
        6,
        6,
        11,
        7,
        5,
        11,
        9,
        10,
        9,
        7,
        12,
        9,
        13,
        7,
        11,
        9,
        9,
        10,
        8,
        11,
        12,
        12,
        9,
        7,
        7,
        8,
        12,
        9,
        11,
        12,
        11,
        11,
        13,
        11,
        12,
        10,
        10,
        9,
        8,
        8,
        12,
        12,
        11,
        13,
        8,
        10,
        8,
        6,
        6,
        10,
        13,
        11,
        12,
        10,
        9,
        11,
        8,
        5,
        11,
        13,
        11,
        9,
        10,
        12,
        8,
        9,
        11,
        13,
        12,
        10,
        10,
        8,
        10,
        12,
        12,
        12,
        11,
        13,
        11,
        8,
        6,
        10,
        13,
        9,
        7,
        9,
        11,
        10,
        10,
        8,
        11,
        9,
        8,
        14,
        13,
        12,
        14,
        8,
        12,
        12,
        9,
        7,
        6,
        7,
        10,
        13,
        12,
        10,
        7,
        9,
        11,
        12,
        7,
        6,
        10,
        7,
        7,
        12,
        10,
        11,
        9,
        13,
        9,
        8,
        5,
        8,
        7,
        6,
        7,
        4,
        3,
        4,
        7,
        4,
        7,
        8,
        7,
        7,
        9,
        11,
        7,
        8,
        9,
        7,
        10,
        13,
        8,
        12,
        8,
        5,
        9,
        7,
        11,
        12,
        5,
        13,
        9,
        12,
        8,
        7,
        4,
        8,
        6,
        8,
        8,
        11,
        9,
        13,
        12,
        9,
        13,
        12,
        7,
        12,
        10,
        10,
        8,
        10,
        9,
        11,
        13,
        6,
        5,
        9,
        13,
        13,
        11,
        10,
        12,
        12,
        13,
        11,
        13,
        10,
        9,
        9,
        10,
        13,
        12,
        13,
        12,
        12,
        12,
        9,
        7,
        8,
        8,
        10,
        10,
        12,
        13,
        5,
        11,
        7,
        4,
        6,
        8,
        4,
        5,
        10,
        9,
        7,
        10,
        11,
        10,
        9,
        12,
        13,
        10,
        11,
        9,
        11,
        12,
        11,
        10,
        10,
        12,
        12,
        9,
        11,
        9,
        9,
        11,
        7,
        5,
        8,
        12,
        11,
        5,
        9,
        4,
        4,
        12,
        12,
        11,
        10,
        12,
        7,
        11,
        13,
        12,
        7,
        8,
        12,
        9,
        11,
        11,
        11,
        13,
        13,
        10,
        11,
        14,
        10,
        11,
        13,
        11,
        11,
        8,
        8,
        11,
        12,
        12,
        9,
        13,
        9,
        13,
        14,
        9,
        8,
        8,
        11,
        6,
        8,
        8,
        7,
        11,
        11,
        6,
        10,
        8,
        7,
        7,
        5,
        11,
        7,
        8,
        6,
        12,
        8,
        8,
        9,
        9,
        7,
        8,
        9,
        11,
        9,
        9,
        10,
        10,
        8,
        9,
        8,
        9,
        8,
        9,
        12,
        10,
        11,
        8,
        9,
        8,
        8,
        7,
        7,
        7,
        7,
        8,
        9,
        7,
        9,
        8,
        7,
        8,
        12,
        6,
        12,
        12,
        13,
        12,
        10,
        14,
        12,
        10,
        11,
        9,
        13,
        10,
        11,
        8,
        9,
        10,
        12,
        10,
        11,
        10,
        12,
        12,
        10,
        13,
        10,
        11,
        11,
        8,
        12,
        10,
        12,
        9,
        11,
        11,
        11,
        10,
        10,
        11,
        10,
        7,
        8,
        9,
        11,
        13,
        10,
        10,
        11,
        12,
        11,
        13,
        10,
        12,
        12,
        13,
        10,
        11,
        13,
        8,
        10,
        8,
        9,
        6,
        9,
        9,
        8,
        8,
        8,
        8,
        12,
        8,
        12,
        12,
        14,
        10,
        9,
        5,
        11,
        12,
        12,
        12,
        12,
        12,
        7,
        12,
        10,
        13,
        10,
        12,
        6,
        9,
        13,
        13,
        14,
        14,
        11,
        13,
        13,
        12,
        13,
        11,
        10,
        10,
        12,
        13,
        13,
        9,
        12,
        13,
        13,
        12,
        9,
        8,
        11,
        9,
        12,
        12,
        13,
        12,
        6,
        10,
        11,
        12,
        9,
        11,
        13,
        11,
        8,
        10,
        8,
        8,
        11,
        10,
        11,
        10,
        11,
        12,
        13,
        12,
        12,
        11,
        12,
        10,
        10,
        10,
        9,
        10,
        9,
        8,
        11,
        11,
        8,
        6,
        9,
        7,
        6,
        6,
        7,
        6,
        6,
        11,
        13,
        9,
        9,
        13,
        13,
        11,
        9,
        11,
        11,
        12,
        12,
        12,
        12,
        11,
        13,
        11,
        12,
        13,
        10,
        9,
        13,
        11,
        11,
        13,
        11,
        10,
        11,
        11,
        10,
        12,
        10,
        14,
        11,
        11,
        12,
        12,
        12,
        12,
        12,
        11,
        11,
        9,
        9,
        7,
        9,
        11,
        6,
        8,
        8,
        14,
        7,
        9,
        12,
        7,
        12,
        10,
        11,
        11,
        12,
        7,
        9,
        12,
        10,
        13,
        12,
        11,
        12,
        13,
        12,
        12,
        13,
        6,
        10,
        11,
        8,
        11,
        11,
        8,
        13,
        8,
        8,
        13,
        14,
        11,
        9,
        10,
        8,
        13,
        8,
        9,
        12,
        7,
        13,
        13,
        13,
        10,
        11,
        12,
        13,
