{
    "method": "Standard Conformal (Independent)",
    "alpha": 0.1,
    "mean_label_coverage": 0.9004875384810334,
    "avg_set_size": 10.036273701566364,
    "label_coverage": [
        0.8687782805429864,
        0.9852941176470589,
        0.8318965517241379,
        0.9269662921348315,
        0.8867924528301887,
        0.8571428571428571,
        0.9705882352941176,
        0.8787878787878788,
        0.9496402877697842,
        0.9574468085106383,
        0.9710144927536232,
        0.9411764705882353,
        0.9146341463414634,
        0.6666666666666666
    ],
    "thresholds": [
        0.1831960678100586,
        0.001508474349975586,
        0.17621088027954102,
        0.2786177396774292,
        0.06457352638244629,
        0.0953095555305481,
        0.001483142375946045,
        0.030906975269317627,
        0.08073228597640991,
        0.012532293796539307,
        0.004675388336181641,
        0.013269901275634766,
        0.02541947364807129,
        0.0014254450798034668
    ]
}