{
    "method": "Standard Conformal (Independent)",
    "alpha": 0.1,
    "mean_label_coverage": 0.9068121280586363,
    "avg_set_size": 9.82,
    "label_coverage": [
        0.9148936170212766,
        0.8490566037735849,
        0.9068100358422939,
        0.90625,
        0.9712230215827338,
        0.9396551724137931,
        0.9705882352941176,
        0.9166666666666666,
        0.8412698412698413,
        0.7692307692307693,
        0.9090909090909091,
        0.88,
        0.9206349206349206,
        1.0
    ],
    "thresholds": [
        0.19508588314056396,
        0.01889723539352417,
        0.161285400390625,
        0.23894363641738892,
        0.0800676941871643,
        0.14826303720474243,
        0.009755611419677734,
        0.03498774766921997,
        0.10621339082717896,
        0.11549443006515503,
        0.020011723041534424,
        0.018958568572998047,
        0.055252671241760254,
        1.531839370727539e-05
    ]
}