{
    "method": "Tree-based CQioC",
    "alpha": 0.1,
    "mean_label_coverage": 0.9005027619617302,
    "avg_set_size": 9.896949711459191,
    "label_coverage": [
        0.8687782805429864,
        1.0,
        0.8318965517241379,
        0.9269662921348315,
        0.8867924528301887,
        0.8571428571428571,
        0.9705882352941176,
        0.8787878787878788,
        0.9496402877697842,
        0.9574468085106383,
        0.9565217391304348,
        0.9411764705882353,
        0.9146341463414634,
        0.6666666666666666
    ],
    "edges": [
        [
            "Infiltration",
            "Pneumothorax",
            0.010937961249305066
        ],
        [
            "Pneumothorax",
            "Emphysema",
            0.010222228435438283
        ],
        [
            "Atelectasis",
            "Nodule",
            0.008828155104145273
        ],
        [
            "Infiltration",
            "Mass",
            0.008695296739910319
        ],
        [
            "Effusion",
            "Nodule",
            0.006738741436725426
        ],
        [
            "Pneumonia",
            "Edema",
            0.006398706514410643
        ],
        [
            "Effusion",
            "Infiltration",
            0.005968629001101899
        ],
        [
            "Atelectasis",
            "Edema",
            0.005118236158101018
        ],
        [
            "Cardiomegaly",
            "Infiltration",
            0.004598798708249266
        ],
        [
            "Infiltration",
            "Pleural_Thickening",
            0.004238370025547715
        ],
        [
            "Infiltration",
            "Fibrosis",
            0.003169966216261935
        ],
        [
            "Infiltration",
            "Consolidation",
            0.003080244886537048
        ],
        [
            "Effusion",
            "Hernia",
            0.0005228809214390749
        ]
    ]
}