{
    "method": "Tree-based CQioC",
    "alpha": 0.1,
    "mean_label_coverage": 0.9062452346346,
    "avg_set_size": 9.909,
    "label_coverage": [
        0.9148936170212766,
        0.8490566037735849,
        0.9068100358422939,
        0.90625,
        0.9712230215827338,
        0.9396551724137931,
        0.9705882352941176,
        0.9166666666666666,
        0.8333333333333334,
        0.7692307692307693,
        0.9090909090909091,
        0.88,
        0.9206349206349206,
        1.0
    ],
    "edges": [
        [
            "Infiltration",
            "Pneumothorax",
            0.013562991222115059
        ],
        [
            "Infiltration",
            "Mass",
            0.009202101201936347
        ],
        [
            "Effusion",
            "Infiltration",
            0.008532244431554675
        ],
        [
            "Infiltration",
            "Emphysema",
            0.007421363126955939
        ],
        [
            "Cardiomegaly",
            "Infiltration",
            0.005739482620037983
        ],
        [
            "Infiltration",
            "Pleural_Thickening",
            0.0053524055086616035
        ],
        [
            "Pneumonia",
            "Edema",
            0.005314899124067334
        ],
        [
            "Infiltration",
            "Nodule",
            0.005009304054442873
        ],
        [
            "Atelectasis",
            "Infiltration",
            0.004925777914245255
        ],
        [
            "Infiltration",
            "Consolidation",
            0.0037754488020873417
        ],
        [
            "Pneumothorax",
            "Edema",
            0.0032585508773261772
        ],
        [
            "Effusion",
            "Fibrosis",
            0.0021929632565856165
        ],
        [
            "Consolidation",
            "Hernia",
            0.0005388964774697656
        ]
    ]
}